"ID","Domain","Appletree Current Term","Appletree Meaning","SAP Equivalent","SAP Context","Exact/Approximate/None","Classification A-F","Recommended Primary Term","Recommended Alias","Rename Required?","UI Change?","API Change?","Database Change?","Report Change?","Documentation Change?","Business Decision Required?","Rationale","Risk"
"AT-001","Master Data","Supplier (display layer) / vendorId, DB.vendors (internal)","A company/individual Appletree buys goods/services from. Display layer (documents, UI, menu) says 'Supplier' (44-57 hits); internal code says 'Vendor' (135 hits incl. identifiers) — server/domain.js, client_secure/index.html","Supplier","SAP S/4HANA (post-2015 rename)","Approximate (SAP itself split between S/4HANA 'Supplier' and Business One 'Vendor')","E","Supplier","vendorId / DB.vendors (internal-only alias, keep)","No","No (display already predominantly Supplier)","No","No","No","No","No","Internal identifiers may keep 'vendor' per API-compatibility precedent (Part 31) — zero user-facing benefit to a ~135-reference internal rename","Low — cosmetic/internal only"
"AT-002","Finance","Supplier Payment (domain.js:279 glDocumentTypes label, code PAY)","GL document-type label — Phase 37 (2026-09-11) found this said 'Vendor Payment', inconsistent with every other surface. RE-VERIFIED THIS PHASE (2026-09-14): ALREADY FIXED in Phase 39 — domain.js:279 now reads label:'Supplier Payment', with an explicit fix-comment citing PHASE37_NOMENCLATURE_CHANGE_PLAN.md's MUST-CHANGE item #1","Supplier Payment","SAP S/4HANA Finance","Exact","A (closed — was E, now resolved)","Supplier Payment","None","No — already done","No — already done","No","No","No","No","No","CLOSED. Phase 37 flagged it, Phase 39 fixed it before Phase 42 began (independent of this nomenclature engagement) — code/prefix (PAY) unchanged, display string only, confirmed via fresh grep this phase","None — already resolved, verified current"
"AT-003","Master Data","Party (client_secure/index.html JE print template)","Phase 37 (2026-09-11) found this cell said 'Business Partner', implying a unified-master architecture that doesn't exist. RE-VERIFIED THIS PHASE (2026-09-14): ALREADY FIXED in Phase 39 — index.html:3556/3562/3608 all now say 'Party', and index.html:5561 labels the GL filter 'Party (Customer / Vendor)'. Zero 'Business Partner' occurrences remain anywhere in domain.js or index.html","Business Partner","SAP S/4HANA (real unified-master architecture, NOT adopted)","None (correctly not claimed)","A (closed — was F, now resolved)","Party","Customer/Vendor (already used as a clarifying alias at index.html:5561)","No — already done","No — already done","No","No","No","No","No","CLOSED. Phase 37 flagged it, Phase 39 fixed it before Phase 42 began — the underlying Customer/Vendor-master-unification question remains correctly NOT adopted (no architecture change was made or implied)","None — already resolved, verified current"
"AT-004","Inventory","GRN","Records what actually arrived against a PO. 147+64 hits, universal","Goods Receipt (S/4HANA, MIGO) / Goods Receipt PO (B1)","SAP S/4HANA MM / Business One","Approximate (same concept, deliberately different wording)","B","GRN","Goods Receipt Note (spell out once on first appearance)","No","No","No","No","No","No","No","Deliberate, consistent, India-ERP-standard departure — retraining cost for zero real benefit if forced to 'Goods Receipt'","None — do not change"
"AT-005","Inventory","Material Issue","Consumes material from warehouse/site — the ONLY event hitting Project Actual Cost. 'Goods Issue' confirmed absent everywhere","Goods Issue","SAP S/4HANA MM / Business One","Approximate","B","Material Issue","Goods Issue (documented equivalence only, not used in UI)","No","No","No","No","No","No","No","Clean, deliberate departure — India-market-familiar term","None — do not change"
"AT-006","Inventory","Material Return (Site)","Internal custody transfer, site→warehouse, NO vendor/GRN reference, zero GL for 'Usable' condition","No exact SAP match — closest is generic Goods Movement/Transfer Posting","SAP S/4HANA MM (generic)","None — Appletree-specific distinction from Purchase Return","D","Material Return (Site)","None","No","No","No","No","No","No","No","Genuinely distinct document from Purchase Return, already disambiguated by the '(Site)' qualifier","None — do not change"
"AT-007","Procurement","Purchase Return","Vendor-facing return against a specific GRN line, reduces vendor payable via account 2050","Return to Vendor / Purchase Return","SAP S/4HANA MM / Business One","Exact","A","Purchase Return","None","No","No","No","No","No","No","No","Identical concept and identical wording to both SAP products","None — do not change"
"AT-008","Inventory","Stock (report/figure) vs Inventory (module/GL concept)","Stock = on-hand-quantity report (Stock Report, Stock by Location). Inventory = module/domain name + GL valuation concept (account 1200)","Stock / Inventory","SAP S/4HANA MM / Business One","Exact — both SAP products use the same Stock-vs-Inventory split","A","Stock (reports) / Inventory (module, GL)","None","No","No (optional: split 1 hybrid heading 'Inventory Stock (Moving Average)')","No","No","No","No","No","Cleanly distinguished already, matches SAP usage in both products","None — do not change; optional cosmetic heading split"
"AT-009","Inventory","Stock Count","Physical count/reconciliation cycle. 'Physical Inventory' confirmed absent","Physical Inventory Document (S/4HANA) / Inventory Counting Transaction (B1)","SAP S/4HANA MM / Business One","Approximate","B","Stock Count","Physical Inventory (documented equivalence only)","No","No","No","No","No","No","No","Deliberate India-ERP-standard departure","None — do not change"
"AT-010","Inventory","Warehouse","Company-owned central store, seed-only master, no createWarehouse","Warehouse (B1) / Plant+Storage Location (S/4HANA, more granular)","SAP Business One","Approximate (B1 closer than S/4HANA's finer split)","B","Warehouse","None","No","No","No","No","No","No","No","Matches B1's simpler single-tier model — correct fit for Appletree's SME scale","None — do not change"
"AT-011","Inventory","Location","Optional bin/shelf sub-division within a Warehouse, requires parent warehouseId","Storage Location (S/4HANA) / Bin Location (B1)","SAP S/4HANA MM / Business One","Approximate","B","Location","None","No","No","No","No","No","No","No","Correctly, distinctly modeled from Warehouse and Site","None — do not change"
"AT-012","Inventory / Projects","Site","Project execution location with its own pooled inventory ledger (getSiteStockLevel)","No direct SAP equivalent","N/A — no SAP module models a construction/fit-out project site as an inventory-holding location","None","D","Site","None","No","No","No","No","No","No","No","Genuine construction-industry concept — Appletree business term, correctly has no SAP match","None — do not change"
"AT-013","Procurement","Material Requirement (MRQ)","Single-line, per-project/BOM demand record, DRAFT→SUBMITTED→APPROVED lifecycle — stage 1 of a 2-stage internal demand model","No single SAP equivalent","N/A — Appletree's own 2-stage demand model","None","D / E (naming-confusability risk with MR)","Material Requirement (interim) — final label pending Management Decision #1","Material Demand / BOM Material Need (candidate renames)","Business decision pending","Possible","No","No","No","No","Yes — pick the actual replacement label","Correctly distinct from MR but the near-identical name is a genuine user-confusion risk despite correct underlying design","Medium — user-facing confusability, not a data-integrity risk"
"AT-014","Procurement","Material Request (MR)","Aggregating document bundling one or more APPROVED Requirements into procurement-facing lines feeding RFQ/PO directly","No single SAP equivalent (adjacent to Purchase Requisition, which Appletree keeps as a separate, 3rd document)","N/A","None","D","Material Request","None","No","No","No","No","No","No","No","Genuinely distinct from MRQ and PR, correctly modeled","None — do not change (see AT-013 for the confusability fix target)"
"AT-015","Procurement","Purchase Requisition (PR)","Formal, SOP-governed request to purchase — separate from MRQ/MR","Purchase Requisition","SAP S/4HANA MM / Business One","Exact","A","Purchase Requisition","PR","No","No","No","No","No","No","No","Identical concept and wording to both SAP products","None — do not change"
"AT-016","Site Operations","MRS (Material Requisition — Site)","Site In-charge's formal request for site material. Registry label ('Material Requisition Slip (Site)') disagrees with UI+SOP ('Material Requisition — Site')","No direct SAP equivalent","N/A — India-SME/construction-specific","None","D / E (internal spelling inconsistency)","Material Requisition — Site (MRS)","None","Yes (registry label only)","No","No","No","No","No","No","Registry label is the outlier; UI and SOP already agree — standardize registry to match","Low — display-string-only fix"
"AT-017","Procurement / Site Operations","Delivery Challan","Transporter/vehicle-carrying dispatch document, used for both site material issue and job-work dispatch","Delivery Challan (Indian statutory term, also in S/4HANA India localization)","SAP S/4HANA India localization","Exact (as an Indian statutory document)","A","Delivery Challan","None","No","No","No","No","No","No","No","Genuine Indian statutory/logistics term matching both Appletree's need and SAP's own India localization","None — do not change"
"AT-018","Projects","Change Request (Variations)","Formal change to a project's scope/cost/revenue. 'Variation' used 100% interchangeably with 'Change Request' throughout","No exact SAP equivalent for this specific revenue/cost variation model","N/A — SAP S/4HANA Project System has no identical construct","None","D","Change Request (Variations)","None","No","No","No","No","No","No","No","Genuinely consistent synonym usage, not a real inconsistency","None — do not change"
"AT-019","Projects","Project Cost / Project P&L / Project Profitability","Three distinct, correctly-scoped functions: projectPL (revenue-cost), projectCostBreakdown (5-stage), companyProjectProfitability (company rollup)","Actual Cost / Project P&L / Profitability Analysis (S/4HANA CO)","SAP S/4HANA Controlling (CO)","Approximate","B","Project P&L / Project Cost Breakdown / Company Project Profitability (keep all 3 distinct)","None","No","No (pending final UI-copy confirmation)","No","No","No","No","No","All 3 SAP-aligned concepts correctly, distinctly modeled — confirm UI copy preserves the 3-way distinction","Low — confirm-only, no defect found"
"AT-020","Controlling","Cost Centre / Profit Centre","Independent GL-line tagging dimensions (NOT a hierarchy) — a JE line can carry projectId and costCentreId independently. Profit Centres seeded empty by design","Cost Center / Profit Center","SAP S/4HANA Controlling (CO)","Exact (British spelling is Appletree's own consistent India-localization choice)","A","Cost Centre / Profit Centre","None","No","No","No","No","No","No","No","Correctly modeled as independent tagging dimensions, matching S/4HANA CO's dimension model, not B1's simpler attachment","None — do not change"
"AT-021","Manufacturing","BOM (Bill of Materials)","Project-scoped, versioned material 'recipe', used identically for site-material budget-checking AND Production Orders","Bill of Material","Universal (both S/4HANA and Business One)","Exact","A","BOM","Bill of Materials (spell out once)","No","No","No","No","No","No","No","Universal SAP term, correctly used","None — do not change"
"AT-022","Manufacturing","Production Order","Real manufacturing order with Job Cards, Production Schedule, Factory Dashboard, Job Cost Sheet. 'Work Order/Centre/Routing' as formal entities confirmed absent","Production Order","SAP S/4HANA Manufacturing (PP)","Exact terminology; feature completeness is separately scoped (Work Centre/Routing genuinely absent, disclosed as a feature gap not a naming defect)","A","Production Order","None","No","No","No","No","No","No","No","Terminology already SAP-aligned; Work Centre/Routing absence is a feature-completeness question for a different phase","None — do not change (nomenclature)"
"AT-023","Job Work","Job Worker","An outside-processing COMPANY (not a person), GSTIN/PAN/registered/state tracked, company-wide not project-scoped","No exact SAP equivalent — closest S/4HANA analog is 'Subcontracting', a genuinely different PO-based mechanism with different tax treatment","SAP S/4HANA MM (Subcontracting is the nearest but non-equivalent concept)","None — deliberately not mapped to Subcontracting","D","Job Worker","None","No","No","No","No","No","No","No","Correctly modeled and named for India job-work/GST practice, distinct from SAP Subcontracting's different tax mechanism","None — do not change"
"AT-024","Job Work","APOB (Additional Place of Business)","GST declaration of a job worker's premises as Appletree's own additional place of business, required before direct customer dispatch from an unregistered job worker","No SAP equivalent — Indian statutory term","N/A — Indian GST statutory term","None","D","APOB","Additional Place of Business (spell out on first UI appearance)","Yes (add inline expansion)","Yes (one location)","No","No","No","No","No","Never expanded in the live UI (only in the SOP) — add a one-time inline expansion matching SOP wording","Low — additive text only"
"AT-025","Manufacturing / Site Operations","Snag","Post-installation defect/punch item. 'Punch List' confirmed absent","No SAP-specific term (US: Punch List, UK/India: Snag List)","N/A — India/UK construction-industry term","None","D","Snag","None","No","No","No","No","No","No","No","India business term, correctly matches this market — do not force 'Punch List'","None — do not change"
"AT-026","Finance","Journal Voucher (dominant, UI/menu/registry) vs Journal Entry (minority, comments/1 prompt/narration default)","Same GL posting document (Draft→Submitted→Approved→Posted), two labels in use","Journal Entry","SAP S/4HANA Finance","Approximate — SAP calls it Journal Entry; India-localized ERPs (incl. B1 India) call it Journal Voucher","E","Journal Voucher","None (retire 'Journal Entry' from user-facing text)","Yes (minority locations)","Yes (narration default, 1 prompt)","No","No","No","No","No","Same object, two labels — no real confusion risk (one screen) but internally inconsistent; standardize on the already-dominant live-UI term","Low — cosmetic + one default-string fix"
"AT-027","Finance","Clearing","Matching a payment/receipt/CN/DN against an open AR/AP item. 'Settlement' has exactly 1 informal comment-only occurrence, no real feature","Clearing","SAP S/4HANA Finance / Business One","Exact","A","Clearing","None","No","No","No","No","No","No","No","Both SAP products use this exact term; confirmed non-issue, no real 'Settlement' feature exists to conflict","None — do not change"
"AT-028","Reports","Reconciliation (recon tab, bankrecon tab, periodCloseReconciliation, siteMaterialReconciliationReport, pettyCashReconciliation)","At least 4 structurally distinct real features share the word 'Reconciliation', already split into 2 correctly-scoped menu tabs (recon, bankrecon)","Account Reconciliation vs. Bank Reconciliation","SAP S/4HANA Finance","Approximate — SAP also distinguishes these two, Appletree already does too","B","Reconciliation (keep, already scoped correctly by tab)","AR/AP & Tax Reconciliation (optional clearer label for the bare 'recon' tab)","No (optional label clarity only)","Optional","No","No","No","No","No","Low real ambiguity — already correctly split; the bare tab label alone doesn't state scope","Low — optional clarity improvement only"
"AT-029","Finance","Customer/Supplier Credit Note & Debit Note","Fully symmetric: createCustomerCreditNote/DebitNote and createSupplierCreditNote/DebitNote — Supplier-side Debit Note added specifically to resolve a prior asymmetry","Credit Memo/Debit Memo (S/4HANA) or Credit Note/Debit Note (B1, India-standard)","SAP S/4HANA Finance / Business One (India)","Exact (matches B1's India-standard wording)","A","Credit Note / Debit Note","None","No","No","No","No","No","No","No","Already-resolved prior gap, fully symmetric and correctly named","None — do not change"
"AT-030","Finance","Trial Balance","Company-wide (or period-scoped) sum of debits/credits by GL account, genuinely correctly computed and independently verified","Trial Balance","Universal (both SAP products)","Exact","A","Trial Balance","None","No","No","No","No","No","No","No","Universal term, verified to genuinely compute what it claims","None — do not change"
"AT-031","Manufacturing","WBS / Work Breakdown Structure","Confirmed absent — zero matches anywhere in the codebase","Work Breakdown Structure","SAP S/4HANA Project System (PS)","None — not implemented","D (not applicable)","N/A — not implemented","None","No","No","No","No","No","Yes — whether to build this is a roadmap/feature decision, not a nomenclature one","Not a naming issue — a genuine unimplemented feature, never falsely implied by any existing label","None for nomenclature; feature-build decision is out of this phase's scope"
"AT-032","Inventory","Batch / Serial Number / Bin tracking","Confirmed absent — stock is a single fungible moving-average-costed pool per warehouse/site","Batch Management / Serial Number Profile","SAP S/4HANA MM","None — not implemented","D (not applicable)","N/A — not implemented","None","No","No","No","No","No","Yes — feature/roadmap decision, not nomenclature","Not a naming issue — never falsely implied by any existing label","None for nomenclature"
"AT-033","Tax","SAC (Services Accounting Code)","Exists only as an optional rate-card attribute, never a first-class master/field the way HSN is","Services Accounting Code (parallel to HSN for services)","Indian GST statutory term (also used in SAP's India localization)","Ambiguous","F","SAC (scope pending)","None","Business decision pending","Possible","Possible","Possible","No","No","Yes — confirm with Finance/Compliance whether Appletree's billable services need first-class SAC treatment","May reflect a genuine, deliberate scope decision rather than a gap — needs Finance/Compliance confirmation","Low to keep as-is; Medium if a first-class SAC field is later required"
"AT-034","UI / Field Labels","Bare 'Receipt' ('Receipt Recorded', 'Record Receipt')","Confirmed genuinely ambiguous in 2 isolated strings — both actually mean Site/Goods Receipt, not cash receipt, disambiguated only by page context","N/A — a clarity issue, not a SAP-mapping issue","N/A","N/A","E","Site Receipt Recorded / Record Site Receipt","None","Yes","Yes (2 strings)","No","No","No","No","No","2 confirmed ambiguous strings, minor label clarification only","Low — isolated string fix"
"AT-035","UI / Field Labels","Bare 'Payment'","Confirmed to mean at least 4 different things: Supplier Payment transaction, Payment Method master, Payment Approval Matrix/Request, contractual Payment Terms","N/A — a clarity issue","N/A","N/A","E","Context-qualified labels (e.g. 'Payment Requests', 'Payment Method')","None","Yes (2 clearest locations)","Yes","No","No","No","No","No","2 clear ambiguous UI locations (Payment Requests heading, Clearings table column) — minor clarification, not a structural rename","Low — isolated label fix"
"AT-036","Workflow","'Release' as a verb","Confirmed NOT used as a button/action anywhere in the live UI — internal-only meaning (Production Order status value, releaseCommitment)","Release","SAP S/4HANA MM/PP (standard workflow verb)","N/A — deliberately not adopted as a UI verb","B","Approve (already covers this)","None","No","No","No","No","No","No","No","Appletree's 'Approve' already covers what SAP calls 'Release' for POs/production orders — do not introduce a redundant verb","None — do not change; would fragment the existing clean verb discipline"
"AT-037","Workflow","Post / Submit / Approve / Reverse / Cancel / Close / Clear","Verified via direct function-name sampling (~250 routes) to each carry exactly one, non-overlapping meaning","Post / Release / Approve / Reverse / Cancel / Close / Clear","SAP S/4HANA (universal workflow verbs)","Exact","A","Post / Submit / Approve / Reverse / Cancel / Close / Clear (keep)","None","No","No","No","No","No","No","No","Genuinely disciplined, one non-overlapping meaning per verb across ~250 routes — a real SAP-grade result","None — do not change"
"AT-038","Master Data / Status","Status-value internal casing (10 UPPERCASE_SNAKE vs 16 PascalCase enums)","A real structural naming-convention inconsistency in internal representation; display-layer mapping not verified either way","N/A — internal implementation detail","N/A","N/A","E (internal only, not necessarily user-facing)","Standardize casing convention (pending display-layer verification)","None","Business decision pending","Unknown (pending verification)","Possible","Possible (26 enum arrays)","No","No","Yes — verify display-layer mapping before deciding whether a 26-array normalization is worth the risk","Real internal inconsistency; user-facing impact unverified — do not touch 26 arrays for a possibly-zero benefit","Medium if changed without verification; Low if left as-is (internal only)"
"AT-039","UI","Dead NAV_GROUPS array","Marked 'unused, safe to delete once this shell is verified in UAT' in its own comment — MODULE_TREE is the live, authoritative nav structure","N/A","N/A","N/A","E","Delete NAV_GROUPS (dead code)","None","No (deletion, not a rename)","No","No","No","No","No","No","Own comment already marks it safe to delete — a documentation-hygiene risk if anyone re-enables it, not a live inconsistency today","Low — dead code removal"
"AT-040","Procurement / Inventory","SRET registry-vs-seed divergence","domain.js:850's migration guard references ['SRET','Site Return'] but no such entry exists in the base glDocumentTypes seed array","N/A — internal registry consistency question","N/A","N/A","E","Verify and reconcile SRET registry entry","None","Pending investigation","No","No","Possible","No","No","No","Unresolved whether this is a stale comment or a real latent numbering gap — needs direct code verification before classifying further","Unknown until verified — flagged, not yet resolved"
"AT-041","Sales / CRM","Lead","First-contact prospect record — createLead(), LEAD_STATUSES = NEW/CONTACTED/QUALIFIED/ESTIMATION/QUOTATION/NEGOTIATION/WON/LOST/ON HOLD, prefix LEAD","Lead / Opportunity","SAP S/4HANA Sales (Customer Relationship / Sales Cloud concept, not native S/4HANA Core)","Approximate — S/4HANA Core has no native Lead object; SAP's CRM/Sales Cloud products do","B","Lead","None","No","No","No","No","No","No","No","Live-verified this engagement (Phase 41): real record, real status lifecycle, real FK chain to Estimation Request/Quotation/Project. Correct India-SME term, no reason to rename toward a CRM-suite concept Appletree doesn't run","None — do not change"
"AT-042","Sales / CRM","Estimation Request","Formal request to size/cost a Lead's requirement — createEstimationRequest(), ESTIMATION_STATUSES = DRAFT/SUBMITTED/IN PROGRESS/COMPLETED/CANCELLED, prefix ER","No single SAP equivalent","N/A — Appletree's own Lead-to-Costing staging document","None","D","Estimation Request","None","No","No","No","No","No","No","No","Live-verified this engagement (Phase 41): a genuine, distinct staging document between Lead and Costing Version, not a SAP-native concept","None — do not change"
"AT-043","Sales / CRM","Costing Version","Versioned cost buildup against an Estimation Request — createCostingVersion(), fields materialCost/labourCost/overheadPct/profitPct/sellingPrice","Cost Estimate (Sales Order Costing) / Unit Costing","SAP S/4HANA Sales (Product Costing / Sales Order Costing)","Approximate","B","Costing Version","Cost Estimate (documented equivalence only)","No","No","No","No","No","No","No","Live-verified this engagement (Phase 41): correctly distinct from Quotation (internal cost breakdown, Sales role never sees it — field-level security confirmed) — matches S/4HANA's own cost-vs-price separation","None — do not change"
"AT-044","Sales / CRM","Quotation","Customer-facing priced offer derived from a Costing Version — createQuotation(), QUOTATION_STATUSES = Draft/Submitted/PendingApproval/Approved/Sent/Accepted/Rejected/Superseded, prefix QTN, format QTN/FY-FY/NNNN","Quotation","SAP S/4HANA Sales / Business One","Exact","A","Quotation","None","No","No","No","No","No","No","No","Live-verified this engagement (Phase 41): universal SAP term, correctly used, real discount-approval workflow matching BOS §1.6 thresholds","None — do not change"
"AT-045","Sales / CRM","Won (wonTransition / lead status WON)","The event converting an Accepted Quotation into a real Project + Customer + Cost Baseline, with leadId/quotationId/estimationRequestId preserved as FKs","Sales Order Creation from Quotation (Quotation→Order conversion)","SAP S/4HANA Sales","Approximate — SAP converts a Quotation to a Sales Order; Appletree converts directly to a Project (no separate Sales Order document exists)","D","Won / Mark Won","None","No","No","No","No","No","No","No","Live-verified this engagement (Phase 41): a genuinely different downstream object (Project, not Sales Order) — correct for a project-based fit-out business, not a gap versus SAP's make-to-stock-oriented Sales Order concept","None — do not change; see AT-046 for the Sales Order absence itself"
"AT-046","Sales / CRM","Sales Order","Confirmed absent as a distinct document — Won creates a Project directly from an Accepted Quotation, with no intermediate Sales Order object","Sales Order","SAP S/4HANA Sales (core document)","None — not implemented as a separate concept","D (not applicable)","N/A — Project fulfills this role for Appletree's project-based business","None","No","No","No","No","No","Yes — confirm this is an intentional business-model fit (project-based fit-out, not discrete order fulfillment), not an oversight","Genuinely different business model (each Quotation becomes one Project, not a repeatable Sales Order against stock) — not a naming defect","None for nomenclature; a feature question, not a term to rename"
"AT-047","Administration","Backup / Restore (createBackup, listBackups, restoreBackup, validateRestoreCandidate)","SHA-256-checksummed, schema-validated, Admin/CEO-gated full-database backup and restore mechanism — no dedicated UI screen exists anywhere","Backup and Restore (Basis / database-administration function, not a Business-Process module)","SAP Basis (technical administration layer, all SAP products)","Approximate — SAP's own backup/restore is typically a Basis/DBA function outside functional modules too, so the absence of a business-facing UI screen is architecturally consistent with SAP's own pattern","B","Backup / Restore","None","No","No (per Phase 41 Section 10's explicit instruction not to build a UI merely to satisfy a checklist)","No","No","No","No","No","Live-verified this engagement (Phase 41): a real, mature, already-hardened capability; API/command-based like SAP's own Basis tooling, not a gap","None — do not change; do not build a UI merely for nomenclature symmetry"
"AT-048","Security / Administration","Viewer (role)","Read-only role — Dashboard/Trial Balance/Project 360/Financial Statements/Reports visible; zero write authority anywhere, server-side enforced","Display / Read-Only Authorization Profile","SAP S/4HANA Security (authorization concept, not a named business role)","Approximate — SAP models this as an authorization profile assigned to any role, not a distinct named role","B","Viewer","None","No","No","No","No","No","No","No","Live-verified this engagement (Phase 41): 10 API + 1 real browser-click negative test, all correctly blocked server-side, not merely UI-hidden","None — do not change"
"AT-049","Security","ROLES array (Admin, CEO, Accountant, FinanceManager, ProjectManager, Purchase, Sales, Estimator, SiteInCharge, Viewer)","domain.js:378 — 10 flat, non-hierarchical business roles, rendered directly into the Users & Roles dropdown with no separate label mapping (index.html:5688)","Business Role / Authorization Profile (a named collection of authorization objects)","SAP S/4HANA Security","Approximate — SAP roles are technical authorization-object bundles, not fixed business-title names; Appletree's flat named-role model matches Business One's simpler approach far more closely","B","Keep the 10 named roles as-is","None","No","No","No","No","No","No","No","Confirmed unchanged this phase — a flat, named-role model is the correct fit for Appletree's SME scale, not a gap versus S/4HANA's more complex authorization-object model","None — do not change"
"AT-050","Security","Authorization / Permission (code-only terms)","'Authorization' appears only in the function name looksLikeRealAuthorizationCheck() (domain.js:1657); 'Permission' appears only in code comments (domain.js:392,2102,2297,5326,5370,9775). Neither is ever a UI label — the UI always says 'Role'","Authorization","SAP S/4HANA Security","Approximate — SAP surfaces 'Authorization' as a user-facing concept; Appletree keeps it internal-only and says 'Role' to users","B","Role (user-facing) / Authorization, Permission (internal code terms only, keep)","None","No","No","No","No","No","No","No","Deliberate simplification — a non-technical Appletree user should never need to understand 'authorization objects'; 'Role' is the correct single user-facing term","None — do not change"
"AT-051","Security","Login History (DB.loginHistory)","Fully tracked server-side (every login attempt, domain.js:489, server.js:685-701) and returned via /api/admin/audit (server.js:966) — but confirmed to have NO dedicated UI screen; renderUsersRoles() never displays it (index.html:5680-5701)","Login History / Security Audit Log","SAP S/4HANA Security (SM20/security audit log)","Approximate","B (mechanism proven; UI absence is the same non-defect pattern as Backup/Restore)","Login History","None","No","Possible (a future UI screen, not required for nomenclature closure)","No","No","No","No","No","Same class of finding as Phase 41's Backup/Restore: a real, working, fully-tracked capability with no dedicated UI — NOT a naming defect, an existing operational capability. Newly discovered this phase because Security/Admin was outside every prior phase's audit scope","None for nomenclature; a UI-build question is a separate, future change request if ever wanted"
"AT-052","Security","Lockout (failedLoginCount, lockedUntil)","5 failed attempts → 15-minute lock (server.js:688-694), message: 'Account locked until {time} after repeated failed logins.' HTTP 423","Account Lock (SAP: incorrect logon attempts, user lock)","SAP S/4HANA Security","Approximate","A","Locked / Account locked","None","No","No","No","No","No","No","No","Terminology consistent throughout — 'locked'/'lockout' used correctly, never confused with 'disabled'/'banned'","None — do not change"
"AT-053","Security","Audit Log","Menu label 'Audit Log' (index.html:324,371,414); DB.auditLog; logAudit(); each entry's internal type field is a PascalCase event name (e.g. 'LeadCreated') distinct from the 'Audit Log' user-facing label","Audit Log / Change Document","SAP S/4HANA Security (Change Documents, SM20 log)","Approximate","A","Audit Log","None","No","No","No","No","No","No","No","Normal code/UI-label split (internal event-type constant vs. user-facing screen name), not an inconsistency","None — do not change"
"AT-054","Security","Maker-Checker (named, Payment Request only) vs Segregation of Duties / SoD (generic, ~20+ document types)","'Maker-checker' is reserved specifically for the Payment Request 3-person maker→approver→executor flow (index.html:329 tab label, domain.js:11011 'SOP §9'); 'Segregation of duties'/'SoD' is the generic creator-cannot-also-approve rule reused across PO, BOM, Change Request, Purchase Requisition, MRS, CAPA, Service Visit, Quotation discount, etc.","Segregation of Duties (SoD) / Maker-Checker","SAP S/4HANA Security (SoD is the universal term; Maker-Checker is an India-banking/finance-specific usage SAP itself also uses in payment contexts)","Exact for both, used correctly for their distinct scopes","A","Maker-Checker (Payment Requests only) / Segregation of Duties (everywhere else)","None","No","No","No","No","No","No","No","Deliberate and correct — two genuinely different mechanisms (a named 3-party flow vs. a generic 2-party rule), not sloppy interchangeable usage. No '4-eyes' terminology found anywhere (confirmed absent)","None — do not change"
"AT-055","Administration","Branch (DB.branches) — no 'Company'/CompanyCode entity exists","Confirmed: zero matches for CompanyCode/'company code'/DB.companies. 'Company' appears ONLY as a report-title adjective ('Company Profit & Loss', 'Company Balance Sheet') meaning 'whole-organization view', never as a real master-data entity","Company Code","SAP S/4HANA Finance (organizational structure)","None — Appletree has no multi-company-code structure, by design (single-entity, SME scale, confirmed by Phase 37)","D","Branch (keep as the closest real entity) / 'Company' stays a report-title adjective only, never a field/entity name","None","No","No","No","No","No","No","No","Re-confirmed this phase: correct fit for a single-entity SME — introducing a real 'Company' master/CompanyCode concept would be a significant, unjustified architecture change for Appletree's actual scale","None — do not change"
"AT-056","Administration","Financial Period (DB.financialPeriods, closeFinancialPeriod) vs 'FY' (tax-threshold-config abbreviation only, e.g. turnoverExceeds10CrPrecedingFY)","'Financial Period' is the real accounting-period entity (UI tab 'Financial Periods', index.html:299). 'FY' only ever appears inside unrelated TDS/194Q tax-policy threshold field names — never mixed into the Financial Period feature's own naming","Fiscal Year Variant / Posting Period","SAP S/4HANA Finance","Approximate","B","Financial Period","None","No","No","No","No","No","No","No","Consistent, no real overlap between the two 'FY'-adjacent usages despite superficially similar abbreviation","None — do not change"
"AT-057","Administration","Master Data Import (UI tab, user-facing) vs 'migration guard' (code-comment-only, internal schema-upgrade shim pattern)","'Master Data Import' — UI tab index.html:304, comment headers domain.js:552,9688,9922. 'Migration guard' — internal-only term for the if(!DB[k]) DB[k]=... backward-compat pattern (domain.js:306,343,769,863,870,896,942,968), never shown to a user","Data Migration / LSMW (Legacy System Migration Workbench)","SAP S/4HANA (Basis/technical migration tooling)","Approximate","B","Master Data Import (user-facing) / migration guard (internal code-comment term only, keep separate)","None","No","No","No","No","No","No","No","Two clearly separate, non-overlapping usages — a business-facing import feature vs. an internal schema-compatibility code pattern; correctly never conflated","None — do not change"
"AT-058","Quality","QC Checklist","createQCChecklist(), prefix QCK, ID pattern QCK-0001. Checklist-level status uses past-tense Passed/Failed (QC_STATUSES); item-level result uses present-tense Pass/Fail (passFail field)","Quality Inspection / Inspection Lot","SAP S/4HANA Quality Management (QM)","Approximate","B","QC Checklist","None","No","No (optional: align item-level wording to 'QC Result' terminology)","No","No","No","No","No","Correctly named and consistently used at the document level; the past/present tense split between checklist-status and item-result is a minor internal wording variance, not a functional defect","Low — optional wording alignment only"
"AT-059","Quality","QC Dashboard","Menu label 'QC Dashboard', qcDashboard() aggregator (domain.js:5686), intended to show per-project Passed/Failed/Pending totals and pass-rate %","Quality Notification Dashboard / QM Reporting","SAP S/4HANA QM","N/A — this is a CODE DEFECT, not a naming/terminology issue","N/A (see Nomenclature Audit's flagged-defect section — out of Classification A-F, this is a functional bug surfaced incidentally by this audit)","QC Dashboard (name is correct; underlying aggregation is broken)","None","No","No","No","No","No","No","**POTENTIAL DEF FINDING, NOT IN SCOPE TO FIX THIS PHASE**: qcDashboard() reads a field c.result that NO QC checklist record ever sets — the real field is c.status ('Passed'/'Failed'/'InProgress'/'Pending'). Every checklist therefore falls into the dashboard's 'pending' bucket regardless of true outcome; passed/failed always render 0. This is a genuine field-name-mismatch code defect discovered incidentally while doing terminology research — flagged for a separate, formally authorized change request (per the Phase 41 change-management baseline), NOT fixed in this audit-only phase","Not applicable to nomenclature risk scoring — see the dedicated defect flag in the audit narrative for severity"
"AT-060","Quality","Acceptance / Rejection (4 distinct, unconnected usages)","(1) QC item/checklist Pass-Fail/Passed-Failed; (2) GRN line qtyAccepted/qtyRejected (domain.js:4603-4692); (3) Production Order completeProductionOrder({actualQty,rejectedQty}) yield split (domain.js:6205); (4) Quotation recordAcceptance()/DB.acceptances, commercial customer acceptance (domain.js:3375)","Quality Result / Goods Receipt Quantity Split / Production Yield / Sales Acceptance (4 distinct SAP concepts)","SAP S/4HANA QM (quality result) / MM (GR quantity) / PP (yield) / Sales (order acceptance)","Approximate — SAP itself keeps these 4 concepts separate too, using distinct field names per module","B","Keep all 4 distinct: 'QC Result', 'GRN Accepted/Rejected Qty', 'Production Rejected Qty', 'Quotation Acceptance'","None","No","Possible (clarifying labels only, not renames)","No","No","No","No","Yes — a nomenclature standard should explicitly document these as 4 separate concepts so a future developer/writer never assumes 'Accepted'/'Rejected' is one shared status","Each usage is internally consistent; the risk is only that a READER might wrongly assume they're related — a documentation clarification, not a code change","Low — documentation-only clarification recommended"
"AT-061","Logistics / Execution","Dispatch","createDispatch(), prefix DSP, DISPATCH_STATUSES, dispatchReadinessCheck()/markDispatchReady()/approveDispatch()/markDispatched() — a pure tracking document, NO inventory or GL posting (explicit code comment, domain.js:6348-6351)","Outbound Delivery (initiation) — approximate only","SAP S/4HANA Logistics Execution (LE)","Approximate — Appletree's Dispatch does not post inventory/GL the way an SAP Outbound Delivery's Goods Issue does","B","Dispatch","None","No","No","No","No","No","No","No","Label, prefix, function names, and status vocabulary all agree end-to-end — internally perfectly consistent, correctly NOT forced into SAP LE's inventory-posting Outbound Delivery model since the underlying business process is genuinely different (see Nomenclature Audit's Logistics Execution assessment)","None — do not change"
"AT-062","Logistics / Execution","Delivery (Confirmation) [DLV, customer-facing] vs Delivery Challan [DC, internal warehouse-to-site/job-worker movement]","DLV: createDelivery(), tracks cumulative delivered qty against a Dispatch, anti-substitution cross-check (domain.js:6421-6458). DC: createDeliveryChallanForMRS()/job-work dispatch (domain.js:10890, 11300) — a completely different, unrelated document type. Both legitimately use the English word 'Delivery'","Proof of Delivery (for DLV) / Delivery Note or Goods Issue Document (for DC)","SAP S/4HANA Logistics Execution","Approximate for both, genuinely two different SAP-adjacent concepts","E","Delivery Confirmation (customer-facing, DLV) / Delivery Challan (internal material movement, DC) — keep both, disambiguate explicitly in documentation","None","No","Possible (clarifying labels only)","No","No","Yes — a written nomenclature standard must explicitly distinguish these two, since both are real, both say 'Delivery', and they serve unrelated purposes","No","Genuine terminology overlap: two unrelated document types (DLV vs DC) both use 'Delivery' — the code itself never confuses the IDs/prefixes, but a reader/trainer easily could without an explicit written distinction","Low — documentation-only clarification; no code or ID change needed since DLV/DC prefixes are already distinct"
"AT-063","Logistics / Execution","Installation","createInstallation(), INSTALLATION_STATUSES, postInstallationLabourCost() (Dr 5100/Cr 1000, Cost Centre CC-INSTALLATION), updateInstallationProgress()","No SAP Logistics Execution equivalent — fit-out-specific on-site labour execution step","N/A — SAP LE ends at delivery/goods-issue/billing, no on-site-installation-labour concept exists there","None","D","Installation","None","No","No","No","No","No","No","No","Genuinely fit-out-specific — no SAP module models on-site installation labour the way Appletree's execution chain requires; correctly NOT mapped to a nonexistent SAP equivalent","None — do not change"
"AT-064","Logistics / Execution","Handover","createHandover(), gated (fail-closed, a previously-fixed bug per its own code comment) on ALL Installations Completed + at least 1 QC Checklist Passed + zero open Critical Snags; evidenceMethod is a manual acknowledgement, not a formal e-signature document","No SAP Logistics Execution equivalent — closest analog is a customer sign-off/acceptance event, but SAP LE has no notion of a QC-and-snag-gated physical handover","N/A","None","D","Handover","None","No","No","No","No","No","No","No","The term's real meaning (what actually gates it) is accurately reflected in both server logic and the UI's own explanatory text — a correct, fit-out-specific concept with no forced SAP mapping","None — do not change"
"AT-065","Logistics / Execution","Billing Milestones (MILESTONE_TYPES: Advance/Production/Dispatch/Delivery/Installation/Handover/FinalBilling)","createBillingMilestone(), deliberately manual/reviewed 'Ready' transition (never auto-triggered off Dispatch/Installation/Handover records existing), draftCustomerInvoiceFromMilestone() bridges to the existing AR engine with a distinct 'InvoiceDrafted' status","Milestone Billing (Project Systems / Sales)","SAP S/4HANA Project Systems (PS) milestone billing","Approximate","B","Billing Milestones","None","No","No","No","No","No","No","No","Milestone type names correctly reuse the exact same words as the Dispatch/Delivery/Installation/Handover documents they correspond to — no drift or synonym substitution found, a genuinely well-designed naming consistency","None — do not change"
