Change ID,Current Term,New Term,Location,UI/Documentation,SAP Equivalent,Risk,Implemented,Verification,Notes
P42-01,"Journal Entry ID" (prompt text),"Journal Voucher ID",client_secure/index.html line ~4296 (searchByReversedEntry-style prompt),UI,Journal Voucher (SAP-aligned India term already dominant elsewhere),LOW,YES,Source-confirmed; prompt() string only; no logic touched,Matches Inconsistency #4
P42-02,'Imported Journal Entry' (narration default),'Imported Journal Voucher',server/domain.js line ~9006 (importJournalCSV),UI (persisted-record display default),Journal Voucher,LOW,YES,Source-confirmed single occurrence; not matched elsewhere in code,Matches Inconsistency #4
P42-03,"Material Requisition Slip (Site)" (doc-type registry seed),"Material Requisition — Site",server/domain.js line 323 (glDocumentTypes seed),Backend registry label (API-exposed via /api/doc-types),No SAP equivalent (India-SME term),LOW,YES,Live-verified via /api/doc-types after a fresh /api/test/reset: label now reads correctly,Matches Inconsistency #5; code/prefix MRS unchanged
P42-04,"Material Requisition Slip (Site)" (migration-guard duplicate),"Material Requisition — Site",server/domain.js line 875 (migration guard),Backend registry label,No SAP equivalent,LOW,YES,Source-confirmed consistent with P42-03; grep confirms zero remaining old-string occurrences,Must match P42-03 or a migrated DB would diverge from a fresh one
P42-05,"APOB Declarations" (heading with no expansion),"APOB (Additional Place of Business) Declarations",client_secure/index.html line ~6212,UI (screen heading),Indian GST statutory term (no SAP equivalent),LOW,YES,Live-verified via get_page_text on the APOB & E-way Bill screen,Closes a gap the Phase 37 standard's own APOB entry already flagged
P42-06,"Receipt Recorded" (mobile success title),"Site Receipt Recorded",client_secure/index.html line ~929,UI (mobile confirmation title),n/a,LOW,YES,Source-confirmed; not live-rendered this pass (requires full mobile Site-Receipt flow simulation),Matches Inconsistency #7; disambiguates from cash/payment receipt
P42-07,"Record Receipt" (site DC table button),"Record Site Receipt",client_secure/index.html line ~5970,UI (table action button),n/a,LOW,YES,Live-verified via browser find() on the Site Material screen after creating a real Delivery Challan,Matches Inconsistency #7
P42-08,"Record Receipt" (site receipt entry form button),"Record Site Receipt",client_secure/index.html line ~6007,UI (form submit button),n/a,LOW,YES,Live-verified via browser find() after clicking through to the entry form,Matches Inconsistency #7
P42-09,"Payment" (Document Viewer Clearings table header),"Payment/Receipt Entry",client_secure/index.html line ~3569,UI (table column header),n/a,LOW,YES,Live-verified via browser find() on a real posted Customer Invoice with a Receipt clearing,"Column serves BOTH AR (Receipt) and AP (Payment) rows via the same c.type-differentiated list — ""Payment"" alone would misdescribe AR rows"
P42-10,"Payment" (TDS Deduction Register header),"Supplier Payment",client_secure/index.html line ~6469,UI (table column header),n/a,LOW,YES,Source-confirmed; not live-rendered (requires a real TDS-threshold-crossing Supplier Payment scenario),Matches Inconsistency #8; unambiguous vendor-only context confirmed by surrounding table content
P42-11,No "Delivery (Confirmation)" entry; Delivery Challan entry lacked a disambiguation note,New "Delivery (Confirmation)" entry + cross-reference added to "Delivery Challan" entry,APPLETREE_ERP_TERMINOLOGY_STANDARD.md,Documentation,Proof of Delivery (approximate) vs Delivery Challan (India statutory term),LOW,YES,Documentation-only; reviewed for clarity,Matches Inconsistency #10 / Change Impact Matrix's documentation-disambiguation row
P42-12,No "Accept/Reject vocabulary" entry,New entry documenting the 5 distinct Accept/Reject/Pass/Fail concepts,APPLETREE_ERP_TERMINOLOGY_STANDARD.md,Documentation,"Each of the 5 sub-concepts has its own SAP analogue, no single shared SAP term",LOW,YES,Documentation-only; reviewed for clarity,Matches Inconsistency #11
