Domain,Classification,Screens/Modules (actual),Evidence Source,Notes
1. Authentication & Security,UAT READY,Login screen; session cookie; lockout,"erp_059_security_tests.js (13/13); PHASE_41_VIEWER_UAT.md; PHASE_41_SECURITY_REPORT.md",Scrypt password hashing; 5-failed-attempt lockout (15 min); HttpOnly session cookie; live-proven
2. User / Role / Access Control,UAT READY,Users & Roles (ADMINISTRATION); 10-role RBAC,"server/domain.js ROLES array (10 roles); PHASE_41_SECURITY_REPORT.md (28 live-blocked unauthorized attempts, 0 succeeded)",Roles: Admin CEO Accountant FinanceManager ProjectManager Purchase Sales Estimator SiteInCharge Viewer
3. Master Data,UAT READY,Branches; Profit Centres; Bank Accounts; Chart of Accounts; Cost Centres (MASTER DATA module),Live-tested Phase 39-41 (Bank Accounts DEF-P39-04/Phase 40 fix),GL account creation confirmed live this session (Phase 41 smoke test)
4. Customer / Party,UAT READY,Customer created via findOrCreateCustomer() on Won; Customer 360; Customer Ledger; Customer Profitability,"PHASE_41_ESTIMATION_QUOTATION_UAT.md (CUST-013 created live via wonTransition())",Vendor/Supplier internal-vs-display split is a documented, deliberate KEEP (Phase 42)
5. Leads / CRM,UAT READY,Leads screen (SALES & CRM),"PHASE_41_ESTIMATION_QUOTATION_UAT.md steps 1-2, live browser",Full Lead->Estimation Request chain live-proven
6. Estimation,UAT READY,Estimation & Costing screen,"PHASE_41_ESTIMATION_QUOTATION_UAT.md step 3, cost independently verified exact",Costing Version versioned; field-level security confirmed (Sales sees sellingPrice only, not cost breakdown)
7. Costing,UAT READY,Estimation & Costing screen (Costing Version),Same as above,Material/Labour/Overhead/Profit buildup verified to the rupee
8. Quotation,UAT READY,Quotations screen; discount approval workflow,"PHASE_41_ESTIMATION_QUOTATION_UAT.md steps 4-9; DEF-P41-01 cross-reference fix closed and re-verified",Auto-approve <=5% discount; FinanceManager/CEO approval above; SoD self-approval blocked live
9. Projects,UAT READY,Projects; Project 360,"PHASE_41_ESTIMATION_QUOTATION_UAT.md (PRJ-007 created live via wonTransition())",leadId/quotationId/estimationRequestId FKs preserved on Project record
10. Project Financials,UAT READY,Project 360; Budget vs Commitment vs Actual,Phase 38-40 project profitability reconciliation reports,3-way Cost/P&L/Profitability distinction SAP-CO-aligned (Phase 42 finding)
11. Procurement,UAT READY,Material Requirements; Material Requests; RFQs; Supplier Quotations; Comparisons; Purchase Requisitions,erp_phase39-generation suites + Phase 40 UAT,Full RFQ->Comparison->PO chain implemented
12. Supplier Management,UAT READY,Vendor Rating; Vendor-wise Purchase Report; Procurement Intelligence,"phase28_modules_tests.js SS6 (pre-existing, unaffected by DEF-2026-002)",Vendor rating computed 0-100
13. Purchase Orders,UAT READY,Purchase Orders screen; approval tiers,"BOS Section 1.6 real thresholds cited, not invented; PHASE_40 UAT",<=500k none / <=2M FinanceManager / above CEO
14. GRN / Receiving,UAT READY,GRNs screen,"erp_phase39_stress_test.js (105/105 GRN under load, re-confirmed)",3-way match against PO
15. Purchase Returns,UAT READY,Purchase Returns (INVENTORY module),Phase 39-generation regression,Vendor-facing; distinct from Material Return (Site)
16. Inventory,UAT READY,Stock; Movement Ledger; Transfer; Adjustment,"erp_phase39_stress_test.js 525-doc volume, clean",Moving Average valuation confirmed live
17. Site Inventory,UAT READY,Site Material screen (MRS/Delivery Challan/Site Stock),"CR-2026-001 live verification this session (real MRS->approve->issue->DC chain)",Distinct pooled ledger per Site, project-tied
18. Material Requests / Material Requisitions,UAT READY WITH LIMITATIONS,Material Requirements (MRQ) vs Material Requests (MR) vs MRS,"PHASE-42-TERMINOLOGY-INCONSISTENCIES.md #6",MRQ/MR near-identical naming is a genuine confusability risk pending a Business Decision (rename target not yet chosen) -- functionally correct, terminology only
19. Material Issues,UAT READY,Material Issues (INVENTORY module),Phase 7-9 original build + Phase 39-41 regression,Only event posting Dr Project Material Cost / Cr Inventory
20. Site Returns,UAT READY,Material Return (Site) (INVENTORY module),Phase 8-9 build,Internal custody transfer, no vendor/GRN reference by design
21. Job Work,UAT READY,Job Work screen; APOB & E-way Bill,"erp_phase39_manufacturing_jobwork_tests.js (36/36)",Dispatch/Return/Scrap/Direct-Dispatch-with-APOB all live-tested this session (Phase 41 regression)
22. Manufacturing (currently implemented),UAT READY WITH LIMITATIONS,Production Orders; Factory Dashboard; Machines; Job Cards; Production Schedule; BOM,"erp_phase39_manufacturing_jobwork_tests.js (36/36); Phase 42 SAP Mapping Decisions",No Routing/Work Centre concept; BOM/Production Order correctly SAP-aligned for what exists
23. Quality Control,UAT READY,QC screen; QC Dashboard,"DEF-2026-001-TEST-REPORT.md (19/19); erp_audit_p0_tests.js ERP-032/033/034",QC Dashboard field-mismatch defect CLOSED (DEF-2026-001); handoverReadinessCheck()/projectClosureReadiness() both correctly status-gated
24. Installation,UAT READY,Installation screen,Phase 8-9 build + Phase 40-41 regression,Posts labour cost to Cost Centre CC-INSTALLATION
25. Handover,UAT READY,Handover screen,"erp_audit_p0_tests.js ERP-034 (duplicate-handover rejection live-proven, audit trail exact)",Gated on Installation Completed + QC Passed + zero open Critical Snags -- fail-closed, live-tested
26. Billing / Receivables,UAT READY,Customer Invoice; Customer Receipt; Billing Milestones; AR Ageing,"PHASE_41_ESTIMATION_QUOTATION_UAT.md (real posted invoice, TB moved exactly matching amount)",Milestone billing never auto-triggers -- requires explicit finance-tier Ready mark
27. Supplier Payments / Payables,UAT READY,Supplier Bill; Supplier Payment; AP Ageing; Payment Requests (Maker-Checker),"PHASE39_PAYMENT_APPROVAL_MATRIX_REPORT.md (18/18); real 3-person maker-checker-executor separation live-proven",CEO/Admin exempted from 3-person separation by design (documented, not a gap)
28. Journal Vouchers,UAT READY,New Journal Voucher; Journal Register; Journal Templates; Recurring Entries; Import (CSV),"erp_059_transaction_contract_tests.js (6/6)",Journal Voucher terminology now consistent repo-wide (CR-2026-001)
29. TDS,UAT READY WITH LIMITATIONS,TDS Reporting screen,"Finance SOP Section 3 TDS engine, rates/thresholds explicitly labeled SOP CONFIGURATION not independently verified as current tax law",Tax/Legal review required before relying on this for real filing -- disclosed, not hidden
30. Banking,UAT READY,Bank Accounts; Bank Reconciliation; ICICI Bank Import; Bank/Cash Transfer,"PHASE_41 Banking smoke test live (screenshot evidence); erp_phase39_banking_tests.js (34/34)",Duplicate-import detection and account-number-mismatch flagging both live-proven
31. Clearings,UAT READY,Reconciliation screen; Document Viewer Clearings section,"PHASE_41_TRACEABILITY_REPORT.md (AR/AP clearing chain live-traced end to end)",applyClearing() is the sole clearing writer since Phase 6/7
32. Fixed Assets,UAT READY,Fixed Assets screen,"erp_phase39_fixed_assets_tests.js (30/30); PHASE_41 Fixed Assets smoke test (FA-0001 live)",Capitalize/Depreciate/Dispose gain-loss all reconcile exactly to GL 1400/1450
33. Service / Complaints,UAT READY,Complaints; Service Tickets; Service Visits,Phase 10 build (After-Sales),TICKET_STATUSES/COMPLAINT_STATUSES confirmed distinct, correctly-named entities (Phase 42)
34. Warranty,UAT READY,Warranty screen,Phase 10 build,Warranty-vs-Chargeable billing split routes through the same draftCustomerInvoice()
35. AMC,UAT READY,AMC; AMC Schedule; Service Billing,Phase 10 build,No second invoice engine -- tagged post-creation with amcContractId
36. Reporting,UAT READY WITH LIMITATIONS,Financial Statements group; Reports & Analytics group (~15 report screens),"Trial Balance independently verified exact (Phase 37, re-confirmed every phase since)",Full 27+-report catalog not individually re-verified term-by-term every phase (disclosed, Phase 42 finding #8)
37. Dashboards,UAT READY,Home Dashboard; QC Dashboard; Factory Dashboard; Compliance Dashboard; Management MIS,"DEF-2026-001 closed the one confirmed dashboard-aggregation defect",No other dashboard duplicates QC's own aggregation pattern (confirmed via search)
38. Document Viewer / Traceability,UAT READY,Document Viewer screen; projectDocumentTrace(),"PHASE_41_TRACEABILITY_REPORT.md -- DEF-P41-02 closed the sales-origin (backward) gap this engagement found; settlement (forward) gap closed Phase 40",Now genuinely bidirectional, live-proven on a real Lead->Won->Invoice chain
39. Audit Trail,UAT READY,Audit Log screen,"erp_059b_durable_audit_tests.js (22/24 +2 documented); durable audit survives transaction rollback (ERP-059B pattern)",No password/hash/token ever logged -- confirmed
40. Backup / Restore,UAT READY WITH LIMITATIONS,API-only (Admin/CEO gated) -- no dedicated UI screen,"PHASE_41_BACKUP_RESTORE_AUDIT.md -- real create-alter-restore round trip, SHA-256 verified, exact state returned",No UI by design (Phase 41/42 precedent) -- not a gap; UAT must exercise via API/script, not a screen
41. Import / Export,UAT READY WITH LIMITATIONS,Master Data Import; ICICI Bank Import; Journal Import (CSV); Exports screen,"ERP-017 atomic batch import tests (erp_audit_p0_tests.js)",A batch with one bad row rejected as a whole (true atomicity); dryRun genuinely creates zero records
42. Mobile workflows (currently implemented),UAT READY WITH LIMITATIONS,Mobile Site Receipt flow (mSR_*); mobile-responsive rendering,"CR-2026-001 (Site Receipt mobile title verified in source, not live-rendered this pass)",A documented Browser-pane-automation sidebar-rendering quirk exists (workaround: ?desktop=1) -- not confirmed to affect real mobile users
